ANH 302,0
ANH 304,1
ANH 305,2
ANH 313,3
ANH Auditorium,4
GLC 101,5
GLC 106,6
GLC 201,7
GLC 202,8
GLC 204,9
GLC 301,10
GLC 302,11
GLC 303,12
GLC 304,13
GLC 305,14
HCA 2F,15
HCA 3F,16
HDH 214,17
HDH 303A,18
HDH 303B,19
HDH 318,20
HDH 320A,21
HDH 320B,22
HDH 323C,23
HDH 324,24
HDH 326A,25
HDH 402,26
HDH 403,27
HDH 418B,28
HDH 419,29
HDH 424,30
HDH 425B,31
NMH 102B,32
NMH 103A,33
NMH 104A,34
NMH 105,35
NMH 106,36
NMH 107,37
NMH 108,38
NMH 109,39
NMH 110,40
NMH 202,41
NMH 204,42
NMH 205B,43
NMH 206B,44
NMH 207,45
NMH 208,46
NMH 209,47
NMH 307,48
NMH 309,49
NMH 310,50
NMH 402,51
NMH 403,52
NMH 404,53
NMH 405,54
NMH 406,55
NMH 410A,56
NMH 410B,57
NMH 411,58
NTH 113,59
NTH 115,60
NTH 118,61
NTH 120B,62
NTH 209A,63
NTH 211,64
NTH 212,65
NTH 213,66
NTH 214,67
NTH 215,68
NTH 217,69
NTH 218,70
NTH 220,71
NTH 310,72
NTH 311,73
NTH 313,74
NTH 411,75
NTH 412,76
NTH 413,77
NTH 414,78
NTH 417,79
OH 302,80
OH 305,81
OH 306,82
OH 401,83
OH 402,84
OH 403,85
OH 405,86
OH 420,87
OH 421,88
OH Media,89
SU 101,90
SU 104,91