GLC 201,30
NMH 411,30
NTH 211,30
NTH 215,30
NTH 217,30
NTH 220,30
NTH 414,30
GLC 101,30
GLC 106,30
GLC 301,30
GLC 302,30
GLC 304,30
GLC 202,30
GLC 204,30
GLC 303,30
GLC 305,30
HDH 419,30
NMH 202,30
NMH 204,30
NMH 205B,30
NMH 206B,30
NMH 208,30
NMH 209,30
NMH 406,30
NTH 413,50
NTH 209A,50
HDH 324,50
HDH 326A,50
NMH 102B,50
NTH 113,50
NTH 115,50
NTH 118,50
NTH 120B,50
NTH 218,50
NTH 417,50
HCA 2F,50
HDH 402,50
HDH 403,50
HDH 424,50
OH 302,50
HDH 214,50
NMH 103A,50
NTH 212,50
NTH 411,50
NTH 412,50
OH 306,50
OH Media,50
ANH 304,60
HDH 303A,60
HDH 303B,60
HDH 320A,60
HDH 320B,60
HDH 323C,60
HDH 425B,60
NMH 104A,60
NMH 108,60
NMH 109,60
NMH 310,60
NTH 213,60
NTH 310,60
NTH 311,60
OH 420,60
OH 421,60
SU 104,60
NMH 207,60
NMH 110,80
NMH 402,80
NMH 404,80
NMH 405,80
NMH 410B,80
NMH 307,80
NMH 403,80
HCA 3F,80
HDH 318,80
NMH 105,80
NMH 107,80
NMH 309,80
NMH 410A,80
NTH 214,80
NTH 313,80
OH 305,80
OH 402,80
OH 403,80
ANH 313,100
OH 401,100
ANH 302,100
NMH 106,100
ANH 305,150
HDH 418B,150
OH 405,150
SU 101,190
ANH Auditorium,400